<?xml version="1.0" encoding="UTF-8"?>
<!--
	states 루트태그, 1개만가능. 
	DOM트리 : 상위 하위 트리구조	
-->


<states>
<!-- 4개의 태그 각 3개의 구 -->
	<north>
		<state>강북구</state><state>노원구</state><state>도봉구</state>
	</north>
	<south>
		<state>강남구</state><state>서초구</state><state>관악구</state>
	</south>
	<east>
		<state>강동구</state><state>송파구</state><state>성동구</state>
	</east>
	<west>
		<state>강서구</state><state>구로구</state><state>양천구</state>
	</west>
</states>